address,distance,review_count,ratings,chain,city,lat,long
1,21.95477073606609,2.0,4.5,1,4,37.56295,-122.01004
2,28.705813520976,3.0,4.5,2,4,37.4890666928572,-121.929413750767
5,23.142416729285177,1.0,4.0,1,4,37.551315128803296,-121.993849799037
1,23.485505787696766,2.0,4.5,1,4,37.5536945,-121.981043
5,20.08046286521707,1.0,4.0,1,4,37.576149,-122.0437049
2,24.26169437150165,1.0,4.0,1,3,37.5229604101756,-122.005785632481
2,28.739918537557934,3.0,4.0,8,4,37.4885682635695,-121.929191268869
1,28.70409968324244,1.0,4.5,7,4,37.4884429093476,-121.930383669657
2,28.590147313409226,2.0,3.5,1,4,37.4922976027806,-121.92791871353998
1,26.563476946721902,2.0,3.5,5,4,37.5007782876492,-121.973167955875
5,20.1563830308412,2.0,3.5,1,4,37.575448103287,-122.042586920966
2,28.45444789285012,2.0,4.0,1,4,37.493541436044296,-121.929889351584
1,24.987754147142912,1.0,3.5,1,4,37.5195973820395,-121.989493228847
1,26.39955750162774,1.0,3.5,16,4,37.504992442164,-121.971231736243
2,21.24757966527483,2.0,4.0,16,3,37.550693578717,-122.051467484131
1,25.450385586873345,1.0,4.0,15,4,37.53195,-121.95789
1,26.26690206018599,1.0,3.5,1,4,37.5312314119298,-121.937047836775
2,21.23842337122072,2.0,4.0,2,3,37.55150491512379,-122.050272187505
2,24.68974076814885,1.0,4.0,8,3,37.5208,-121.996426
5,20.31154222198968,2.0,3.5,1,4,37.57509,-122.0386
1,23.78788849988121,1.0,3.0,1,4,37.543782,-121.986825
2,24.2116621659157,3.0,3.5,1,3,37.523356,-122.006645
1,26.58839716377273,4.0,3.0,2,4,37.500044,-121.973622
5,20.238614040107525,1.0,3.5,1,4,37.5757,-122.03977
2,26.91759024907747,1.0,3.5,1,4,37.53181,-121.91944
2,18.42423967839852,1.0,3.5,1,2,37.5897191178595,-122.071148412967
1,25.07017876135288,1.0,3.5,1,4,37.51806664196421,-121.989524069478
2,30.303241012583047,5.0,4.0,2,3,37.3929561,-122.0792811
8,29.142158371648872,3.0,4.0,9,1,37.401254171244,-122.114469291963
2,28.41675720062713,2.0,3.5,18,4,37.4932967,-121.9312981
1,26.9345329049032,1.0,4.0,1,4,37.53049850463871,-121.920637562871
5,21.76057493393177,1.0,3.0,18,4,37.5631118502019,-122.015291475919
2,20.21370805511373,2.0,4.0,1,2,37.588998700000005,-122.02086570000002
1,20.23586442414465,2.0,3.5,15,2,37.587234,-122.022712
2,36.530054121284,3.0,4.0,1,4,37.3878,-121.86019
1,13.16772906962403,2.0,4.0,16,2,37.695911,-122.072915
1,21.427476696806007,1.0,3.5,1,3,37.54872,-122.04928999999998
2,31.15485596864168,2.0,4.0,1,4,37.4547351745994,-121.911571876169
2,20.191427486341727,2.0,3.5,2,2,37.5895754513833,-122.020674874683
1,26.983072518848594,1.0,4.0,1,3,37.42655,-122.14632
1,32.98523733053996,3.0,4.0,16,4,37.43274,-121.89277
2,18.5540189422168,1.0,3.5,1,2,37.5894163879108,-122.067683412499
2,28.423703575945503,2.0,4.0,1,4,37.49369,-121.93053
2,26.877885523323467,1.0,3.5,1,4,37.53259,-121.91949
1,32.36831248536597,1.0,4.5,2,4,37.42644,-121.92162
2,31.164265537802866,2.0,4.5,1,4,37.4555854711176,-121.909984275479
2,32.84488140055842,4.0,4.0,4,4,37.4208151690146,-121.916592059012
2,20.155135965747487,3.0,3.5,6,2,37.589445484175,-122.02183395763
1,25.37740972857608,1.0,4.0,8,3,37.447628,-122.160728
2,10.939921146109205,1.0,4.0,15,4,37.687487183018,-122.136023640633
1,1.7129108938253124,6.0,4.0,6,4,37.7899434017563,-122.407306303981
1,1.1175614580220814,4.0,4.0,6,4,37.75994,-122.42112
4,2.753451614748738,4.0,4.0,1,4,37.7633252984489,-122.479877762902
4,1.6915942085473177,3.0,4.0,1,4,37.781425,-122.46080220000002
1,1.625559960967509,2.0,4.0,9,4,37.7963159707234,-122.421975955367
1,0.6717473573541424,2.0,4.0,6,4,37.78365,-122.43247
2,1.8676733848315696,2.0,4.5,16,4,37.7905719929647,-122.404304221272
1,0.4299042822286046,2.0,4.0,6,4,37.7728849972724,-122.423546388745
2,1.906825152481108,6.0,3.5,1,4,37.7914264423265,-122.404249032891
1,1.8897156577877967,2.0,4.5,1,4,37.7932604402304,-122.406762465835
1,3.6353699632478382,7.0,3.5,3,4,37.775906,-122.497818
1,3.701807636168075,1.0,4.5,1,4,37.7254643,-122.402527
2,1.800377637982928,2.0,4.0,2,4,37.7881894888854,-122.40366820246
1,3.345476319145648,2.0,4.0,5,4,37.742921200000005,-122.4782898
1,1.938839015220214,1.0,4.0,6,4,37.7665676429306,-122.397055947925
4,2.5384206535088305,1.0,4.0,1,4,37.780295679705,-122.477084781597
1,1.988683903702712,1.0,4.0,1,4,37.7803345695326,-122.395782692426
2,3.5143548690983373,1.0,4.0,1,4,37.72322,-122.43556
4,2.680189661048864,3.0,3.5,4,4,37.7636264,-122.4785915
1,3.504146822372437,1.0,4.0,1,4,37.75339,-122.48993
4,2.883249013457447,1.0,4.5,1,4,37.7634668052021,-122.482386571049
1,2.44169328776548,1.0,4.5,1,4,37.7635576540922,-122.38857708871402
1,2.269281000447122,1.0,4.0,1,4,37.7825348173521,-122.391180229883
2,2.7047127329251577,1.0,3.5,1,4,37.7822781354189,-122.479696422815
0,1.209489688981511,1.0,4.5,1,4,37.77448,-122.40916
1,1.0926558621455178,2.0,4.5,1,4,37.7879050728042,-122.440761682097
4,2.815877930758325,2.0,3.5,16,4,37.7635307,-122.4811325
4,2.3358803244756667,1.0,4.5,1,4,37.7804213,-122.4732843
1,1.6850283644883115,2.0,3.5,15,4,37.7844643265332,-122.403442928242
4,1.967444124209732,1.0,3.5,1,4,37.7639596,-122.465019
1,2.887108658681889,1.0,3.5,1,4,37.7542929,-122.4779253
1,3.467897113905265,1.0,3.5,1,4,37.74263911974271,-122.480892284656
1,1.8975175948515453,1.0,4.5,1,4,37.7955593172737,-122.409816160798
1,1.956853453591219,1.0,3.5,1,4,37.7830442934418,-122.465241822931
4,2.535722922737929,1.0,3.5,1,4,37.7805467694998,-122.476978003979
2,2.2106805759473778,1.0,3.5,1,4,37.7829,-122.47017
1,2.270407040296805,1.0,4.0,1,4,37.7787070106078,-122.39015746223998
1,2.74625348472134,1.0,3.5,1,4,37.73429,-122.43417
1,3.709379079449677,1.0,3.5,5,4,37.7242954229777,-122.457044541931
1,2.1077134040445102,1.0,5.0,1,4,37.7975399525428,-122.406789958477
1,1.9355943406419416,1.0,3.5,3,4,37.794315000000005,-122.406927
2,1.192779518299779,1.0,4.5,1,4,37.75948,-122.41943
1,3.727289270412992,1.0,4.5,1,4,37.723259000000006,-122.4545593
2,2.0680562329666183,1.0,4.5,1,4,37.7957899,-122.40537
2,1.9263056107799368,1.0,3.5,1,4,37.7828876674175,-122.464718297124
2,4.872443241918666,1.0,3.5,1,1,37.70689,-122.4588
4,2.5283104993601326,1.0,3.5,1,4,37.78076,-122.47679
4,1.2898469230539753,2.0,4.0,1,4,37.78142929999999,-122.45294950000002
4,2.075973898966752,1.0,3.5,1,4,37.76384,-122.46708
4,2.9435564679474115,2.0,4.0,9,4,37.7804,-122.48458
2,0.2601409742205844,2.0,4.0,16,3,37.800613594099296,-122.270676903427
1,2.07558295262753,3.0,3.5,2,3,37.828969,-122.249297
1,0.2756164380057431,1.0,4.0,1,3,37.8004754,-122.2722423
2,4.396467354984965,2.0,4.0,1,2,37.8678697054593,-122.266082279384
2,0.273542790510921,2.0,4.0,1,3,37.80044555664061,-122.271835327148
4,4.671999835089594,4.0,4.0,2,2,37.87195820000001,-122.268859
2,3.0689796870894246,1.0,4.0,16,2,37.7673552038867,-122.240029983222
2,0.2400747890225002,1.0,3.0,18,3,37.8009841,-122.2700858
1,2.5659473848828056,1.0,4.0,1,3,37.83818,-122.25168
2,4.4626194897394695,2.0,4.0,15,2,37.8684064,-122.2605113
1,4.59728742780529,1.0,4.0,1,2,37.87087,-122.26857
2,15.301518651049408,2.0,4.0,1,2,37.9485708483184,-122.058178750759
1,4.468783581780003,1.0,4.0,1,2,37.86821,-122.25803
1,1.3408702620504729,1.0,3.5,15,2,37.786721500000006,-122.2813447
1,4.572675416443196,2.0,3.5,3,2,37.8704335,-122.2662693
2,3.195985265436262,1.0,3.5,1,2,37.763940000000005,-122.24266
1,13.248404108563957,1.0,4.0,16,2,37.8981318936801,-122.059291005135
2,0.3440509740622006,1.0,3.5,2,3,37.7994484,-122.2700968
1,1.385892362883104,1.0,4.0,1,3,37.81106,-122.24718
2,2.343832890022149,1.0,4.0,1,2,37.770820099746,-122.277515907933
1,3.16645247750779,1.0,4.5,25,3,37.7765099,-122.2250587
1,8.512779029948158,2.0,4.0,16,4,37.72272,-122.15439
2,0.2556958608450202,1.0,3.5,1,3,37.8007358,-122.270182
2,4.500211256432386,1.0,4.0,1,2,37.86864,-122.25779
1,0.5210330548803852,2.0,4.0,1,3,37.810970000000005,-122.26651
1,0.2091325905446667,1.0,3.0,1,3,37.8064126521349,-122.268292084336
1,3.135772661371744,1.0,3.5,18,2,37.76509,-122.24233
2,3.2069125536877285,1.0,3.5,1,2,37.76353,-122.24318999999998
1,1.383224312672339,1.0,5.0,1,3,37.8110686341717,-122.247235737741
1,6.443307285384,1.0,4.5,1,1,37.6834642,-122.4028888
1,0.2552403865024359,2.0,4.5,1,3,37.807609480553495,-122.268880033234
2,0.3935369880525127,1.0,2.5,2,3,37.7989615787538,-122.268823823837
1,0.3596433081658046,1.0,4.5,1,3,37.7996292114258,-122.268371582031
5,8.4511157265899,2.0,3.5,18,4,37.723825,-122.154663
1,1.545712670348944,1.0,3.5,25,3,37.810621779569104,-122.24392622709298
1,4.755640816067345,1.0,4.0,1,2,37.8731630455033,-122.268577069044
2,0.2389856425353382,4.0,3.5,1,3,37.800992,-122.2701305
1,42.885109370392826,7.0,4.0,1,4,37.314558499499896,-121.790188997984
2,39.70031016375859,3.0,4.0,1,4,37.3323443189417,-121.857742217231
2,39.77969935028105,2.0,4.0,1,4,37.3311487640944,-121.85737667523
1,43.12231844349739,2.0,4.0,1,4,37.25336,-121.9015
1,37.37523254742036,2.0,4.0,9,4,37.3157651,-121.9782757
1,41.18680817113376,2.0,4.0,1,4,37.3105199,-121.84997
1,44.17852340420696,2.0,4.0,1,4,37.267032623291,-121.834053039551
2,42.443722392104654,2.0,4.5,7,4,37.308647,-121.813461
1,38.87849709707325,2.0,3.5,1,4,37.332404,-121.8845467
1,37.47431538806011,1.0,4.0,1,4,37.3529399,-121.89176
1,38.46158149107823,1.0,5.0,1,4,37.33709,-121.88941
2,39.75082982278157,2.0,4.0,2,4,37.3319875706985,-121.856774212303
1,38.483062646734005,1.0,4.0,2,4,37.338629553452,-121.885706819594
1,42.362935108273184,2.0,4.0,16,4,37.3122516785924,-121.809769305956
1,38.45699789381354,2.0,3.5,2,4,37.309534,-121.949649
2,35.8015740284245,1.0,4.0,1,4,37.386980020394894,-121.883576139808
1,44.57065733479445,1.0,4.0,1,4,37.248688599353,-121.857970789389
1,44.564250631304,1.0,4.5,1,4,37.2525199,-121.8501
1,37.06169179755196,2.0,4.0,2,4,37.30865701383011,-122.012592169713
1,41.339272673806015,2.0,4.0,1,4,37.32229,-121.82405
1,34.90491491013428,2.0,4.0,1,4,37.4041770427227,-121.881933087311
2,42.44048843652053,1.0,4.0,1,4,37.3088546673824,-121.813202547221
6,35.787238748355165,3.0,4.5,7,3,37.32258,-122.03121000000002
1,38.64034619823924,2.0,4.0,1,4,37.335455,-121.886596
1,41.41662550065449,2.0,4.0,1,4,37.3191772792232,-121.827041554833
2,36.16624889436992,1.0,4.0,15,3,37.34866,-121.94616
2,38.016932449104814,1.0,4.0,1,4,37.3697020772431,-121.845367355225
1,46.82846227389389,1.0,3.5,1,4,37.236431,-121.804763
1,36.56439913050238,1.0,4.0,1,4,37.3879799,-121.8588819
1,42.11606381179256,1.0,4.0,1,4,37.29956,-121.84016
1,37.89888277728564,3.0,3.5,4,4,37.319475621662,-121.94762103391
1,36.66599427152673,1.0,3.5,1,3,37.3112882127292,-122.023623995483
1,42.67810202644218,2.0,3.5,2,4,37.306154683674,-121.810519318524
2,42.44370386732229,1.0,4.0,1,4,37.308647155761705,-121.813461303711
1,43.92736971970405,1.0,4.0,1,4,37.2497081431029,-121.879286774857
1,35.65200846567929,2.0,3.5,8,4,37.38753,-121.88725
2,39.768879714188,4.0,4.5,1,4,37.33133611473671,-121.857381949738
2,35.793011110922905,2.0,3.5,15,4,37.387508,-121.882934
1,38.61097708636916,2.0,3.5,8,4,37.2923420099239,-121.988744415864
2,42.38861168869153,1.0,4.0,2,4,37.3090745900201,-121.814426575475
1,42.51067460374823,1.0,4.0,1,4,37.309508,-121.809918
2,37.86486351498744,1.0,4.0,1,4,37.3720189850199,-121.846125258572
1,35.480238300884466,2.0,3.5,1,3,37.3459400429099,-121.979151964188
1,41.17792019104896,2.0,4.0,6,4,37.303037478251206,-121.864601250072
1,41.365408314308965,1.0,3.5,3,4,37.3210352284759,-121.825406030688
1,35.947893923424715,3.0,4.5,1,2,38.32387,-122.30711
4,34.196547673732525,1.0,3.5,1,2,38.2991692041736,-122.285283794503
4,34.024380442034726,9.0,4.0,1,2,38.29671,-122.28328
2,34.17489909492755,2.0,3.0,1,2,38.2988340542314,-122.286458685994
2,25.20894272368445,1.0,3.5,1,2,38.1689755277082,-122.254305819574
1,26.308848757048697,1.0,2.5,25,2,38.1848877668381,-122.253697514534
1,35.1557532240489,1.0,3.5,1,1,38.2914143800735,-122.45805837214
4,26.03852892365928,1.0,2.5,1,2,38.18098,-122.25395
5,23.769637788810297,1.0,4.0,1,3,38.148088261589706,-122.252996214118
1,29.249649868903493,2.0,4.5,1,3,38.215523,-122.143181
1,29.92618667727361,1.0,3.5,1,3,38.2219399,-122.12513
2,25.29042555648168,1.0,3.5,1,2,38.17015,-122.25411
0,72.99136488253708,1.0,3.5,1,1,38.67463,-121.50861
2,22.890404236155703,3.0,4.0,1,3,37.69838055066379,-121.874124370515
1,22.72513015103397,1.0,4.5,1,3,37.658818,-121.898176
1,23.2154210050778,1.0,4.0,1,4,37.703198955631706,-121.865862095172
1,21.598226468172232,1.0,3.5,1,3,37.69288,-121.90177
4,23.705172831333552,1.0,4.0,16,3,37.6659099,-121.87418
2,23.96990335094871,2.0,3.5,18,4,37.7038018033117,-121.851168151661
1,18.8560925689209,1.0,4.0,1,4,37.7222341,-121.9419009
4,23.791028878001452,1.0,4.0,3,3,37.661346,-121.87506
1,19.864463977695955,1.0,4.0,15,4,37.7103899,-121.92744
2,19.66763318695347,2.0,3.5,2,4,37.703959000000005,-121.9342246
1,20.126674860343773,1.0,3.5,25,3,37.695654440550896,-121.929317861795
2,22.909095933308706,1.0,2.5,1,3,37.69956,-121.87326000000002
2,22.868087575478068,1.0,3.0,1,3,37.69948196411129,-121.874084472656
1,22.89968327329285,1.0,4.0,1,3,37.6905054,-121.8774678
1,19.31791457974519,1.0,3.5,18,2,37.73021,-121.93009
1,18.6896907362566,1.0,4.0,16,2,37.7241,-121.94435
5,22.69794271396549,2.0,3.5,2,4,37.7048059696965,-121.875150612505
5,22.62793130181453,1.0,2.5,25,4,37.705825,-121.876084
1,24.377290923258496,1.0,4.0,1,3,37.669658,-121.858772
1,21.28339503283118,1.0,4.0,1,3,37.6994,-121.9048344
2,23.92737798391905,1.0,4.0,1,4,37.7049564521021,-121.851537924141
5,20.821295116507372,1.0,4.0,1,4,37.704380239639896,-121.911554932594
5,22.68742453498943,2.0,4.0,2,4,37.704566,-121.87545
1,23.8867924076856,1.0,3.0,1,3,37.65223,-121.8786
2,22.909095933308706,1.0,3.5,2,3,37.69956,-121.87326000000002
2,23.955204636183204,1.0,4.0,1,4,37.7037210589332,-121.851480491459
1,19.906556989604564,2.0,4.0,1,4,37.710858467095,-121.926419734955
1,20.039740545441635,1.0,3.0,1,3,37.6946294,-121.93156299999998
1,23.319254019666868,4.0,4.5,1,3,37.67718,-121.87578
5,22.185633105287437,1.0,3.0,1,4,37.7040256307881,-121.88532839154
5,22.668494057756288,1.0,4.0,1,4,37.7045783996582,-121.87580871582
1,22.73847506041624,2.0,4.0,1,4,37.70801,-121.8731
1,22.655931922534737,5.0,3.5,1,4,37.704636748213794,-121.876026391983
1,24.553454032638,1.0,2.5,1,2,37.698050737381,-121.842248663306
2,22.880274525638697,2.0,3.0,1,3,37.6994626368417,-121.873857490718
1,19.987946721365724,1.0,4.0,4,4,37.70584,-121.92709
5,22.73988479868762,2.0,3.5,1,4,37.70619,-121.87379
5,22.63502063986553,1.0,3.0,1,4,37.70515,-121.87622
1,19.80682798088476,2.0,4.0,1,4,37.710269,-121.92861
1,23.20814953651689,2.0,4.0,1,4,37.7031417208061,-121.866024709375
5,22.687397347676693,1.0,3.0,1,4,37.7045669555664,-121.875450134277
2,19.60776987819765,7.0,4.0,1,4,37.70506,-121.93487
2,19.65551103515195,1.0,3.5,1,4,37.7056511022749,-121.933658346534
1,19.26198456224272,1.0,3.5,1,2,37.72938919067379,-121.931442260742
2,21.567913245840625,4.0,3.5,3,3,37.54772,-122.0466
1,20.358869684854877,1.0,3.5,1,2,37.5866448,-122.0201868
2,21.259072845330373,3.0,4.0,2,3,37.5508,-122.0509
2,24.18206677344905,1.0,4.0,3,3,37.523140000000005,-122.00792
1,20.124814751923967,2.0,4.5,1,2,37.5895628278523,-122.022492714298
1,23.896347402805038,1.0,4.5,1,4,37.5436017856673,-121.984061099299
1,24.15517748656767,1.0,4.0,1,3,37.5282308,-122.0002458
5,23.64239059219568,1.0,3.0,1,4,37.5461699480404,-121.987401525697
1,24.178544254797668,1.0,3.5,9,3,37.5236587144356,-122.007144735602
2,18.3286693169041,1.0,3.5,9,2,37.59146031309321,-122.071111434569
2,24.602616060032208,1.0,4.5,1,3,37.5218169879729,-121.997366492815
5,20.30110586234324,2.0,4.5,1,4,37.5751187606321,-122.038859706704
2,20.28862944307652,2.0,4.0,1,2,37.589058513675,-122.01876368886002
5,20.79673823421241,2.0,4.0,1,4,37.570362,-122.0318791
1,26.244983963990894,3.0,3.5,2,4,37.50466,-121.97634
1,20.85447765087785,2.0,4.0,6,1,37.5027402543983,-122.256980158539
8,22.238118857518607,2.0,4.5,1,3,37.483950944157705,-122.232653501548
2,13.745219093295296,1.0,3.5,18,3,37.6731435370977,-122.082034402975
1,12.907668993594536,1.0,4.5,1,2,37.6960964188897,-122.078565023839
1,13.054551999645376,1.0,3.5,1,3,37.6660188062353,-122.108395027727
1,25.524808358653416,1.0,4.0,15,3,37.445381,-122.160994
2,22.036736307224697,1.0,4.0,3,3,37.487118,-122.229624
2,13.745781462798387,1.0,4.0,1,3,37.6737070083618,-122.081397101283
2,34.6666731252424,2.0,4.0,2,3,37.3371504153713,-122.04035249287
2,35.24277386671931,3.0,4.0,4,3,37.3361159244324,-122.015890307529
6,35.91366215345318,3.0,3.5,4,3,37.3232384288673,-122.022949657147
6,36.0973687920234,1.0,3.5,5,3,37.3223942970538,-122.016749576721
2,35.2526946294587,1.0,4.5,7,3,37.3362175002018,-122.015137771311
2,35.292736616692785,3.0,4.0,1,3,37.3356484303065,-122.014956682871
6,36.1044942500554,4.0,3.0,1,3,37.3243651,-122.0105533
2,36.3366908492904,1.0,3.5,1,3,37.31361,-122.03263
1,33.61298198955757,1.0,4.5,1,3,37.35065,-122.04962
1,33.420291055278085,1.0,4.5,7,3,37.36189,-122.02454
1,35.606323286829344,1.0,3.5,1,3,37.324498742943,-122.03407823789
1,34.485129713487844,1.0,4.5,8,3,37.339290000000005,-122.04255
6,36.139071623196,3.0,3.5,1,3,37.323241317778,-122.012261466162
6,36.12440757509842,1.0,4.0,1,3,37.32328,-122.01283
8,33.330889877784145,1.0,4.0,15,3,37.3623572836214,-122.027256087023
6,36.08969420892002,1.0,3.0,1,3,37.324398934014894,-122.011138269321
2,36.16959775838676,1.0,3.5,1,3,37.3162384033203,-122.032508850098
1,38.48978145924695,1.0,4.0,1,1,37.29165,-121.99636
8,30.682581524581057,1.0,4.5,2,3,37.38565,-122.08442
8,34.81122857516832,1.0,4.0,9,3,37.351987713518895,-121.991230201809
8,35.099614501847746,1.0,4.0,1,3,37.35297,-121.97705
2,30.263988899022028,1.0,3.5,9,3,37.3934799,-122.07956
1,31.490971789212345,1.0,4.0,1,3,37.3723,-122.08801
1,30.21939278170439,3.0,3.5,1,3,37.3941710599454,-122.079548804006
1,32.581054113603415,1.0,3.5,1,3,37.3813699,-122.00808
2,36.98885124870065,3.0,3.5,3,4,37.3035809397697,-122.032403200865
1,37.429558964425325,4.0,4.0,1,4,37.31496320599,-121.978095221496
1,32.357852037931345,2.0,3.5,9,3,37.3763175470854,-122.031325878136
6,36.06468487499921,2.0,4.0,1,3,37.3225177360044,-122.017925500033
1,31.784827380446377,1.0,4.5,1,3,37.3878822408982,-122.024536281978
1,31.38540577723192,2.0,3.5,1,3,37.3770405227974,-122.076683293475
1,32.662850927013466,1.0,3.5,1,3,37.3928752137833,-121.977391160278
2,36.78761553848191,1.0,3.5,3,4,37.30656389999999,-122.0328361
1,33.338904600196734,1.0,3.5,1,3,37.3822051,-121.9761898
2,36.89261913868727,2.0,3.5,1,4,37.30529,-122.03167
1,32.7757472338602,2.0,3.5,3,3,37.3882893,-121.9835596
1,36.12953771215498,1.0,4.0,1,3,37.350311600000005,-121.9438457
6,35.412316836969715,1.0,3.0,25,3,37.32349,-122.047397
8,35.06993586837006,1.0,4.0,1,3,37.3517723083496,-121.98119354248
1,29.827477461116423,1.0,4.0,1,2,37.68077,-121.74804
1,30.59581969347176,1.0,4.5,1,2,37.7119101458668,-121.723351532745
1,27.993084071368905,1.0,4.0,1,2,37.6761474995967,-121.785110675949
2,28.636798060167816,1.0,4.0,1,2,37.680747985839794,-121.770835876465
1,19.0576121357236,1.0,3.0,18,2,37.7749533109683,-121.924073739229
1,28.665723188127814,2.0,4.0,1,2,37.68,-121.77058
1,30.429096210372062,1.0,3.5,1,2,37.718175655226496,-121.724808264734
1,27.996290852326464,1.0,4.0,3,2,37.6783516,-121.7841207
2,24.422800406203045,1.0,4.0,1,4,37.5566932750951,-121.952448293212
2,24.426567836991136,1.0,4.0,1,4,37.556529,-121.952556
1,19.24112719221653,1.0,4.0,1,1,37.7986554,-121.9187406
1,25.357151419415835,1.0,4.0,1,4,37.532729,-121.95934
1,17.185734654362914,1.0,4.0,4,2,37.7624177187681,-121.960900202394
1,28.900063735958074,1.0,4.5,1,3,37.4068109566105,-122.106984711639
2,30.25439957008181,1.0,3.0,3,3,37.3936614990234,-122.079444885254
4,25.55298587090139,1.0,3.5,18,3,37.44451,-122.16337
1,29.1554176228742,2.0,3.5,1,3,37.402982863672,-122.10676106228
1,30.266149684164308,2.0,3.0,6,3,37.39379,-122.07838999999998
2,26.73271773121184,1.0,4.5,9,3,37.434085,-122.129446
1,32.5809848644106,2.0,4.0,9,4,37.42868,-121.91132
2,32.63500605843071,1.0,3.5,2,4,37.4341782,-121.9007438
2,32.84721751542994,2.0,3.5,18,4,37.4207404131486,-121.916648888921
1,32.745504702468835,1.0,4.0,1,4,37.426490149909895,-121.909996320473
1,33.7331245370717,1.0,4.5,1,4,37.4128099773883,-121.902977563441
1,32.66544416476261,1.0,4.0,7,4,37.4274706596526,-121.91078242325
1,34.52465945756718,1.0,4.0,1,4,37.414925,-121.875899
2,31.1104682374038,2.0,3.5,2,4,37.455807700753205,-121.911192834377
1,31.85804239037168,1.0,3.5,2,4,37.4464966,-121.90401609999998
2,31.132252507985637,1.0,3.5,1,4,37.4551887512207,-121.911521911621
2,35.55344359851795,1.0,3.5,18,4,37.3973731994629,-121.873687744141
2,32.750212604827595,1.0,3.5,1,4,37.4224649523506,-121.91667347853998
2,34.59859735185925,1.0,4.0,1,4,37.40685,-121.88672
2,35.81737494367107,,4.0,9,4,37.38620887762679,-121.884416049074
1,35.50755374967082,1.0,3.0,1,4,37.3843159241917,-121.89744169577
2,35.79484175801502,2.0,4.5,1,4,37.3863881481701,-121.884803238098
2,32.95336730441172,2.0,3.5,3,4,37.419465,-121.915568
1,34.38668597084192,1.0,3.5,1,4,37.416848,-121.8768983
1,33.216312959176655,1.0,3.5,9,4,37.433926,-121.884259
1,33.38414195252452,2.0,3.0,4,3,37.3953035880334,-121.946540661156
2,32.8532844884424,2.0,4.0,1,4,37.420773,-121.916405
1,34.41770653193427,1.0,2.5,25,4,37.4178751788897,-121.874392975463
1,32.607290157774145,1.0,4.5,2,4,37.4093138578249,-121.945219193046
1,34.39106367872915,1.0,4.0,1,4,37.41684595269911,-121.876774057746
8,22.194362154824372,1.0,4.0,1,3,37.48460420714571,-122.232427139501
2,22.0699061407653,1.0,4.0,1,3,37.4868,-122.22766
2,22.09638263949751,1.0,4.0,9,3,37.4861601263273,-122.230740152299
4,25.47572436813338,1.0,4.5,1,3,37.4461057,-122.1610267
8,25.98411171581964,1.0,3.5,1,3,37.438632,-122.160532
1,25.591206672056227,1.0,4.0,1,3,37.44413,-122.16237
1,25.56945914216545,1.0,3.5,1,3,37.444610595703104,-122.161544799805
4,25.39876039273174,2.0,4.5,1,3,37.44752,-122.15965
8,27.893614717092294,1.0,3.5,1,3,37.41643,-122.13004
1,31.24770972109308,1.0,3.5,25,3,37.390076192143,-122.042184743589
1,25.618191810244824,4.0,4.0,1,3,37.4438754674248,-122.161595821381
1,21.748510476318696,1.0,3.0,25,3,37.4917931901457,-122.224192531477
1,25.56481394286796,4.0,3.5,1,3,37.444682,-122.161533
4,25.394389894631257,4.0,3.5,2,3,37.447555,-122.159804
1,23.336285278718435,1.0,4.0,1,3,37.46868,-122.224
4,25.3678117563284,1.0,4.0,4,3,37.4480657,-122.159221
1,25.532356869887604,1.0,3.5,1,3,37.4444718383711,-122.165222240072
1,32.12171533607832,1.0,3.5,1,1,37.360467292665504,-122.096757004484
1,26.59370819091902,1.0,3.5,1,1,37.42398,-122.19693
4,30.617794658548995,1.0,3.5,1,1,37.3783798,-122.1170197
4,25.405640309732,3.0,3.5,1,3,37.447196960449205,-122.160781860352
2,22.091636463849664,1.0,5.0,1,3,37.4868656,-122.2234133
2,28.06114335455525,1.0,3.5,1,3,37.41883,-122.1099
2,22.063635354275203,1.0,4.0,1,3,37.4867482944358,-122.229360103705
1,33.41545041198631,1.0,5.0,2,3,37.35338,-122.05071
1,26.738546809529147,1.0,3.5,1,1,37.426249336151,-122.167067527771
1,28.09715257404541,3.0,3.5,1,3,37.4203109741211,-122.102348327637
1,30.13988285369142,1.0,2.0,1,3,37.390983766688,-122.095294088779
1,29.1417237335806,2.0,3.5,1,3,37.4015599,-122.1132477
2,22.135211540376385,1.0,4.0,1,3,37.4857502210641,-122.228834925786
8,25.16099537158781,1.0,3.5,1,1,37.4483544,-122.1743768
1,26.75801952360924,1.0,2.5,1,1,37.425371754743,-122.170543670654
1,34.560206596350106,2.0,4.0,1,3,37.3517264451999,-122.002505609904
1,31.879577361928124,1.0,3.5,1,3,37.3973885,-121.99671940000002
1,32.39176943572309,2.0,3.5,1,3,37.3761834,-122.0301825
6,37.608347874147526,1.0,3.5,15,3,37.32551,-121.94462
8,34.8007779377561,1.0,2.5,1,3,37.3515863912688,-121.99270148474
8,34.7984764921811,3.0,3.5,2,3,37.35156814963771,-121.992844729458
1,32.7255982191822,1.0,4.5,1,3,37.38919,-121.98339
6,37.58817851046555,1.0,2.5,1,3,37.326036489104,-121.944165208984
1,36.12670110519428,2.0,3.5,1,3,37.3503848,-121.9437883
8,8.617638556842477,1.0,3.5,3,1,37.649255149959394,-122.429556883872
8,12.686562143193193,2.0,4.5,1,2,37.594114000000005,-122.384605
1,10.52017844258426,3.0,4.5,1,1,37.622566,-122.410942
1,15.415986004254988,2.0,4.0,1,4,37.56719879999999,-122.32539640000002
2,14.321131201819815,1.0,4.0,7,2,37.5773026,-122.3486125
8,8.619296336207725,2.0,4.0,3,1,37.649226500000005,-122.4302143
2,14.229131133459262,2.0,4.0,4,2,37.5794379623736,-122.34590301238998
4,15.63240753313718,2.0,4.0,9,4,37.564318,-122.3238431
4,15.610296191812116,1.0,4.0,1,4,37.5649713,-122.3228903
1,11.27794521284702,1.0,4.0,1,2,37.61218,-122.404
1,10.184336771531894,1.0,4.0,1,1,37.6337492,-122.4887216
2,12.128723694081256,1.0,3.5,18,2,37.601183,-122.392173
1,14.166917876425032,1.0,5.0,16,2,37.5801206,-122.34688909999998
1,20.988538981291484,1.0,3.5,1,1,37.4702203984019,-122.435569055378
2,11.832944187802294,2.0,4.0,3,2,37.6048409390981,-122.397278312931
4,15.47651240281701,1.0,3.5,8,4,37.5667191,-122.3239517
1,8.702678569186215,1.0,3.5,9,1,37.649195,-122.4530236
4,17.760324050531132,1.0,3.5,5,4,37.544473311782106,-122.28505220123002
1,15.502405332011604,2.0,4.0,9,4,37.5665365,-122.3232678
4,15.429883749591657,1.0,4.0,3,4,37.56741,-122.32407
1,15.663068400760787,1.0,3.5,3,4,37.56413,-122.32294
1,17.067911000220505,1.0,4.0,4,2,37.5573531403401,-122.274742340384
4,17.734766201903874,1.0,4.0,1,4,37.5448989862154,-122.28502356257
2,17.93831001340493,1.0,3.5,3,2,37.544739,-122.271085
4,15.63617770987478,1.0,3.5,25,4,37.5643615722656,-122.323524475098
4,15.66479960498971,1.0,3.0,1,4,37.5633809,-122.3251999
1,19.71448708831203,1.0,4.0,1,1,37.5102232,-122.2938208
1,15.34147819158872,1.0,4.5,1,4,37.5683428,-122.3254578
4,15.476096780152837,3.0,3.5,1,4,37.5669004,-122.3234145
8,21.335344743074334,2.0,4.5,1,1,37.49613,-122.2477
8,12.204678648470724,1.0,4.5,9,2,37.600379700000005,-122.3900105
4,15.60253219212446,1.0,4.0,3,4,37.5652199,-122.3225
1,17.31173410155825,1.0,4.5,1,4,37.54368,-122.30661
2,14.325559912507163,1.0,3.5,25,2,37.57718759487671,-122.34879302025
1,15.537403858048284,3.0,4.5,1,4,37.56595479999999,-122.3233725
2,17.936866324835478,1.0,3.0,25,2,37.5447599,-122.27104
2,17.981700134883017,1.0,4.0,1,2,37.5441112400917,-122.270671007271
4,15.638356959555445,1.0,4.0,1,4,37.5643,-122.32361000000002
1,15.671881621577665,2.0,3.0,1,4,37.56386,-122.32335
4,15.49445941304415,2.0,4.0,2,4,37.5665108,-122.3237287
4,15.425891171835032,1.0,4.0,1,4,37.5674055,-122.3242761
1,13.607441279758351,1.0,5.0,1,2,37.590323,-122.34142
1,10.414741842320556,3.0,3.5,1,1,37.6241,-122.41095
2,14.240239279865918,2.0,4.5,1,2,37.5793126,-122.3457401
4,15.904446630903385,1.0,4.0,1,4,37.56167,-122.31891
2,12.162647474864308,2.0,3.0,1,2,37.600790100000005,-122.3914315
4,15.882896314222917,10.0,4.0,1,4,37.5621429,-122.3185051
8,12.115955772998385,1.0,4.5,25,2,37.60147,-122.39148
1,33.9602426176472,1.0,3.5,1,3,38.264065585563294,-122.050264324325
2,35.10342338006319,1.0,3.0,1,3,38.27671,-122.03353
1,40.52802406814921,2.0,4.0,1,2,38.33538734674521,-121.954629868269
1,33.243321664414005,1.0,4.0,1,1,38.24225,-122.01803
1,33.63770423963373,1.0,2.5,25,3,38.2603729,-122.0546401
2,35.89145999115801,1.0,4.0,1,3,38.2890102925701,-122.033686637878
1,17.566223732102593,2.0,4.0,15,3,37.976159602403605,-122.033636346459
1,26.160744742335417,1.0,4.0,16,2,38.0108707398176,-121.868887022138
1,22.95657493338519,1.0,3.5,25,3,38.1340827941895,-122.21915435791
1,32.5668749020052,1.0,4.5,1,1,37.9369147127279,-121.698112115264
1,42.55210756244282,1.0,2.5,25,2,38.3700576,-121.961772
1,58.09854749949649,2.0,4.0,2,2,38.5541889,-121.7869827
5,22.18845739307855,1.0,3.0,6,3,38.125256896019,-122.255262583494
1,42.618784271479726,2.0,4.5,1,2,38.3703303337097,-121.959481313825
1,14.205426667540204,1.0,4.0,2,1,38.00996,-122.270604
2,34.36344384102375,2.0,4.0,1,3,38.26504,-122.03314
1,58.29153247876656,1.0,4.0,1,2,38.54652539999999,-121.7607466
1,28.980559984886963,1.0,4.0,18,2,37.9659262678636,-121.780671279596
4,17.301786967306445,1.0,3.5,1,3,37.9749903198784,-122.038871629666
1,58.903623226532446,2.0,3.5,1,2,38.5407655197016,-121.72471787406602
1,58.83262372158236,2.0,3.5,1,2,38.5465,-121.74006
1,10.946107485200962,1.0,4.0,18,1,37.954766898894,-122.334166861144
1,17.5976467910446,1.0,3.5,1,3,37.9776375471723,-122.034577466548
1,11.279349103451857,1.0,3.5,1,1,37.96301,-122.31987
1,33.87515698715874,1.0,3.5,1,3,38.25803,-122.03509
1,59.11043399755928,1.0,3.5,8,2,38.5620003834934,-121.765583911777
1,33.243321664414005,1.0,3.5,1,1,38.24225,-122.01803
1,58.62165399254362,1.0,3.5,1,2,38.5436287,-121.7415001
1,31.278308851301272,1.0,4.5,1,1,37.9603144,-121.7326581
1,58.614261071259065,1.0,4.0,18,2,38.5430607163954,-121.740498058498
2,36.0821672432478,2.0,4.0,1,3,38.29174,-122.03293
1,59.22503707030732,1.0,4.5,1,2,38.5603285349925,-121.757062978432
1,58.48480845298825,1.0,3.5,1,2,38.5436861078294,-121.746784233135
1,58.29153247876656,1.0,4.0,1,2,38.54652539999999,-121.7607466
1,34.198135934962174,1.0,3.5,5,3,38.25835782958921,-122.020811644487
1,26.43747858846167,1.0,4.5,1,2,38.032940110361295,-121.882134117186
1,33.95206797983548,1.0,3.0,1,3,38.263944,-122.050281
1,33.243321664414005,1.0,3.0,1,1,38.24225,-122.01803
1,18.43929670154244,1.0,4.5,1,1,38.0543339252472,-122.152609080076
1,13.213431834884144,1.0,4.0,1,1,37.9952735900879,-122.285331726074
1,30.64338635764574,1.0,3.0,1,1,37.946219,-121.738762
1,15.97831022967206,1.0,4.5,1,1,37.9934616,-122.1024094
1,29.173191677799988,1.0,3.5,25,2,38.004497387479,-121.799923304048
1,41.18054339635906,2.0,3.5,5,2,38.3539886474609,-121.978248596191
1,16.358759038450742,2.0,4.0,1,2,37.9297795146704,-122.016731053591
1,14.944447183321843,1.0,3.5,18,2,37.9174137,-122.0375497
2,13.11575503442308,1.0,3.5,1,2,37.8981,-122.06206
2,13.162617424184605,1.0,3.5,2,2,37.9000639934234,-122.062495370938
1,14.788672886622832,1.0,4.0,3,1,37.8227538431368,-122.001181084905
1,19.3978830946896,1.0,3.0,25,3,37.97879750393,-121.992360118228
4,17.00870589639271,1.0,2.5,25,3,37.9728660583496,-122.043716430664
1,13.188538120351632,1.0,3.5,1,2,37.89883,-122.06105
1,8.179603350728515,1.0,4.5,16,1,37.8353491,-122.1264706
1,9.833680803041064,1.0,4.0,1,1,37.8906068,-122.1277333
1,15.07278981336222,1.0,4.0,1,2,37.94665,-122.06162
1,16.016030560692837,1.0,3.5,2,3,37.9672766,-122.0621762
2,16.286403685785608,1.0,4.0,1,3,37.95516,-122.04158
2,16.75917785560386,1.0,4.0,1,3,37.96036,-122.03578
1,17.426976558140204,2.0,3.5,1,3,37.9762523253409,-122.037221553584
2,13.11575503442308,1.0,4.5,1,2,37.8981,-122.06206
4,17.14761034593077,3.0,3.5,1,3,37.974103,-122.041692
4,17.249309832918218,1.0,3.5,2,3,37.974712,-122.039859
2,17.937740504596437,1.0,3.5,1,1,38.04837,-122.15871
1,25.281058668158337,3.0,4.5,1,2,38.0134741,-121.8905534
1,16.56482925217527,1.0,3.0,1,3,37.97341,-122.0557
4,17.303306655497288,2.0,3.5,1,3,37.97514,-122.03901
2,16.46113419367504,2.0,3.5,5,2,37.980899,-122.068382
1,13.362137045695354,4.0,4.0,1,2,37.907985687255895,-122.064300537109
1,10.21942259193878,1.0,3.5,1,1,37.8916207,-122.1198696
1,18.978951860568785,1.0,4.5,1,1,38.066112359505,-122.165491386026
0,10.243000245957424,1.0,4.5,1,1,37.89301,-122.12063
2,15.22120057205806,1.0,4.0,4,2,37.94483343100861,-122.056119731669
1,25.290921979016478,1.0,5.0,1,2,38.0136496,-121.8904874
1,3.6995425977402383,1.0,4.0,1,3,37.82616420000001,-122.2092056
2,8.82286852455214,1.0,4.5,1,1,37.8600274754793,-122.125603221526
1,27.023502278899084,1.0,3.5,2,2,38.0000664,-121.8419518
1,21.090245537075678,1.0,4.0,1,3,38.1054840087891,-122.207710266113
4,17.314077966441065,3.0,4.0,1,3,37.97514,-122.03874
1,16.00615688787935,1.0,3.5,2,1,37.9969242,-122.1078972
4,17.006612612134152,1.0,4.0,1,3,37.9728762316744,-122.043781183031
2,15.484185504038008,1.0,3.0,1,2,37.95448064804079,-122.060296833515
1,27.27854582008313,1.0,3.5,1,2,38.0068147913603,-121.841531507671
1,25.240173568673505,1.0,3.5,5,2,38.0114778891118,-121.889719069004
1,27.05312026396751,1.0,4.0,1,2,38.0040780947741,-121.844287128215
1,8.745718633134613,1.0,3.5,1,1,37.8578085,-122.1258359
2,6.822063066222157,1.0,3.5,1,2,37.8988113,-122.3075638
2,6.816622524797568,1.0,4.0,1,2,37.898754308959205,-122.30745845051202
1,7.805049700501258,1.0,3.5,1,1,37.9131379268406,-122.309712024741
1,14.470961311111571,1.0,3.5,15,1,37.9717057943344,-122.518760114908
1,17.034659462284832,1.0,3.5,1,1,38.0039492652398,-122.543884450801
2,6.821916718233807,1.0,3.5,1,2,37.89881,-122.30756
1,11.843490455100763,1.0,4.5,1,1,37.966045,-122.343246
1,11.668597002716348,2.0,4.5,1,1,37.9283378273249,-122.518047988415
1,6.86951057478403,1.0,3.0,25,1,37.9012082234262,-122.299600839615
1,6.089445942408871,1.0,3.5,1,1,37.89023,-122.29626
1,4.456842024220065,2.0,3.5,2,2,37.868052500000005,-122.258168
1,4.396005802399844,1.0,3.5,1,2,37.86727,-122.25905
2,6.824262642429213,1.0,2.0,1,2,37.898898,-122.307341
1,14.769439936951208,1.0,3.0,25,1,37.9733537,-122.52893799999998
1,13.581176282211496,1.0,4.5,1,3,37.67244,-122.08685
1,13.789674038881587,1.0,5.0,1,3,37.65423320000001,-122.1048419
1,16.151948208094623,1.0,4.0,15,2,37.7747421264648,-121.977684020996
2,11.839792225403714,1.0,3.5,18,2,37.70864,-122.09134
2,14.31787132077052,1.0,2.5,25,3,37.6443550220492,-122.104630560233
5,7.881337518901109,1.0,4.0,1,4,37.731047700000005,-122.1605656
1,13.820004278610906,1.0,4.0,1,3,37.652548372651,-122.106453901274
1,12.895937773457806,1.0,3.5,2,2,37.69529,-122.07956
1,39.96594519203799,2.0,3.5,1,1,37.2574696,-122.0335427
0,38.27785956589442,1.0,4.0,1,4,37.3136978149414,-121.946624755859
1,38.394565964669816,1.0,4.5,1,1,37.282037944475,-122.03191663334
1,37.40903882409968,1.0,3.5,2,4,37.3155981167824,-121.977282188172
1,39.99274303806144,1.0,4.5,1,1,37.28691,-121.94397
1,40.37503898489861,1.0,3.5,1,1,37.2784787,-121.9497792
6,37.58496210218384,1.0,2.5,1,3,37.3260982962994,-121.944144442677
1,37.546551274865685,1.0,3.0,1,3,37.3260983428105,-121.94561896627
1,39.19837745440859,1.0,3.5,1,1,37.2878194445875,-121.975211858331
2,35.54333365573124,1.0,3.5,1,3,37.33882,-121.99497
1,22.904729636604436,1.0,4.5,3,3,38.133641,-122.222464
5,22.194769815883237,2.0,4.5,1,3,38.1253132837656,-122.254159189761
5,22.284040964184214,2.0,4.0,1,3,38.1266670227051,-122.256126403809
5,21.975390143362933,1.0,3.0,1,3,38.1221466064453,-122.254501342773
1,20.97111336761232,1.0,3.0,1,3,38.10589,-122.22709
1,19.574683400649945,3.0,3.5,2,3,38.0837651342154,-122.211666628718
5,21.926086209148963,1.0,3.5,1,3,38.1214397080506,-122.254726908082
1,20.992554221741205,1.0,3.0,5,3,38.10499,-122.21532
5,22.094185464466776,1.0,4.5,1,3,38.12384966367389,-122.253961014274
5,21.98567061536516,1.0,3.0,1,3,38.12241270254989,-122.258621526624
5,21.9506559299104,1.0,3.0,1,3,38.121818,-122.2554405
5,21.90906800810301,2.0,4.0,1,3,38.121189117431605,-122.254600524902
8,19.60108120752221,1.0,4.0,3,1,37.5189045,-122.2744648
1,17.900713397189268,2.0,4.0,1,2,37.5452836454887,-122.27046500734
1,17.36550313592903,1.0,3.5,1,2,37.553293700000005,-122.2565492
0,19.17210561150238,1.0,3.5,1,1,37.5240325927734,-122.279075622559
4,17.7704157076624,1.0,3.0,1,4,37.5444118546376,-122.284796650842
2,17.94704672984749,3.0,3.5,1,2,37.5446131174646,-122.270425803511
4,17.72570130822816,1.0,3.0,1,4,37.5452652,-122.2844771
0,30.17274257802311,1.0,4.5,1,3,37.39316940307621,-122.085517883301
4,17.75526670074177,2.0,3.0,1,4,37.5445885811679,-122.284968805752
4,17.743760685059677,2.0,3.5,1,4,37.5447841763127,-122.284946071312
1,19.50630790626716,1.0,3.0,1,3,37.522466833141,-122.25162513572
5,8.70590162806695,1.0,3.5,1,4,37.7215444,-122.1509912
1,8.424780226502003,1.0,3.5,6,4,37.7239999,-122.15511
2,10.644495355610758,1.0,2.5,25,4,37.6978340148926,-122.130355834961
5,8.433162340326158,1.0,3.5,1,4,37.7240845354245,-122.154812393848
1,8.909391772339957,1.0,3.5,1,4,37.69982,-122.17564
1,10.544802229091752,1.0,2.0,1,4,37.7026172,-122.1272393
1,8.476260756090152,1.0,4.0,1,4,37.7228,-122.155194
2,10.692579744455976,2.0,3.5,1,4,37.6799806952477,-122.154671028256
2,11.839792225403714,2.0,4.5,1,2,37.70864,-122.09134
1,8.537217760239022,1.0,4.0,1,4,37.7229449751301,-122.153543170361
2,12.192167379887294,1.0,3.5,25,1,37.672988996068895,-122.122139773525
1,3.211278983333872,1.0,3.5,6,2,37.76273,-122.24497
5,8.464148688061456,2.0,2.5,1,4,37.7236583501576,-122.154530547559
1,13.164842904443054,1.0,3.0,25,2,37.6947791129351,-122.073979452252
5,9.34182531645108,1.0,2.0,1,4,37.7154007,-122.1423264
1,9.946253644966568,2.0,3.5,1,4,37.702842,-122.142028
2,3.195985265436262,1.0,3.5,1,2,37.763940000000005,-122.24266
1,2.073693105441652,4.0,4.5,1,3,37.78606,-122.24101
2,11.839792225403714,1.0,4.5,1,2,37.70864,-122.09134
1,3.0978183189593063,1.0,3.5,1,2,37.765703473918,-122.242378592491
2,12.800827857767414,1.0,4.5,1,3,37.6651882648286,-122.116480568499
5,8.408965846578644,2.0,4.0,1,4,37.72437,-122.155085
5,8.904798095022953,1.0,3.5,1,4,37.71929,-122.14865
1,10.215955852569548,1.0,3.5,1,4,37.6906647206597,-122.151571007974
1,11.257585970868403,2.0,4.0,1,1,37.6770314768334,-122.142561774295
1,16.014954048035317,1.0,4.0,1,3,37.631869,-122.075384
2,10.715447858758056,1.0,3.5,1,4,37.6795,-122.15479
1,14.07886910534724,1.0,4.0,1,3,37.651128,-122.101296
2,13.763508008705143,1.0,4.0,1,3,37.67355,-122.08114
5,10.67625712211008,1.0,3.0,1,4,37.700116,-122.126858
